Timestamp,Event,Details
2025-02-06T15:09:25.113664,Client Connect,Client m_LiEAoE8h8AlU3WAAAB connected.
2025-02-06T15:12:15.795443,Client Connect,Client 9jjhEgOBI7F5LeToAAAB connected.
2025-02-06T15:12:23.270159,Client Disconnect,Client 9jjhEgOBI7F5LeToAAAB disconnected.
2025-02-06T15:12:44.946362,Client Connect,Client mAzqWVIMflbAGB3gAAAD connected.
2025-02-06T15:12:46.981887,Client Connect,Client BlReARfcp1lMCd3mAAAC connected.
2025-02-06T15:12:48.951094,Client Connect,Client aI5exoYlxRfYSH9tAAAE connected.
2025-02-06T15:12:50.935544,Client Connect,Client tbs-j1kT8KrikXzQAAAG connected.
2025-02-06T15:13:45.526422,Client Connect,Client -VUX8t-v1uJRwuSCAAAB connected.
2025-02-06T15:14:36.986234,Client Connect,Client K6EQw2oeqcACuxlEAAAB connected.
2025-02-06T15:14:37.938291,Client Connect,Client 3_uIfeah_1WNkmHyAAAD connected.
2025-02-06T15:14:39.949711,Client Connect,Client AHXDEiNUybi59l9lAAAF connected.
2025-02-06T15:14:40.931842,Client Connect,Client eZn6YfLVgNxW0iuTAAAH connected.
2025-02-06T15:15:25.471495,Client Disconnect,Client -VUX8t-v1uJRwuSCAAAB disconnected.
2025-02-06T15:15:26.977911,Client Disconnect,Client AHXDEiNUybi59l9lAAAF disconnected.
2025-02-06T15:15:31.975024,Client Disconnect,Client eZn6YfLVgNxW0iuTAAAH disconnected.
2025-02-06T15:15:36.987631,Client Disconnect,Client K6EQw2oeqcACuxlEAAAB disconnected.
2025-02-06T15:15:42.007599,Client Disconnect,Client 3_uIfeah_1WNkmHyAAAD disconnected.
2025-02-06T15:20:16.559858,Client Connect,Client QcfZHgEIsBGuJ-9NAAAB connected.
2025-02-06T15:32:07.659775,Client Disconnect,Client QcfZHgEIsBGuJ-9NAAAB disconnected.
2025-02-06T15:32:21.248115,Client Connect,Client OGq7hXj6JERd40Q5AAAB connected.
2025-02-06T15:32:41.499648,Client Disconnect,Client OGq7hXj6JERd40Q5AAAB disconnected.
2025-02-06T15:32:41.712729,Client Connect,Client Fb1O-uslcOzpThedAAAD connected.
2025-02-06T15:32:53.864407,Client Disconnect,Client Fb1O-uslcOzpThedAAAD disconnected.
2025-02-06T16:34:03.460861,Client Connect,Client D6eijZ2cBUdDkM_hAAAB connected.
2025-02-06T16:58:47.531150,Client Connect,Client G90y3tVjrV9BViapAAAB connected.
2025-02-06T17:01:41.521833,Client Connect,Client 9f768XVDTvxdQKe2AAAB connected.
2025-02-06T17:02:03.272105,Client Disconnect,Client 9f768XVDTvxdQKe2AAAB disconnected.
2025-02-06T17:02:03.522860,Client Connect,Client b1s10d--Dy3G88ClAAAD connected.
2025-02-06T17:02:25.904853,Restaurant Search,"Successful search: {'budget': 50.0, 'dish_name': 'pasta', 'dish_type': 'veg'}"
2025-02-06T17:03:19.491531,Client Connect,Client eUR5qEjgSHjd7V6gAAAB connected.
2025-02-06T17:04:22.727190,Client Disconnect,Client eUR5qEjgSHjd7V6gAAAB disconnected.
2025-02-06T17:04:23.181052,Client Connect,Client NbpHQj6OQlWAKppzAAAD connected.
2025-02-06T17:08:25.457626,Client Disconnect,Client NbpHQj6OQlWAKppzAAAD disconnected.
2025-02-06T17:08:25.926191,Client Connect,Client Zh6Uu8nDZwdbmvKmAAAF connected.
2025-02-06T17:09:03.988539,Client Disconnect,Client Zh6Uu8nDZwdbmvKmAAAF disconnected.
2025-02-06T17:09:04.177925,Client Connect,Client 8aTvNAYKnEUacUUUAAAH connected.
2025-02-06T17:09:13.588733,Client Connect,Client flgZuBWq9OrarZJYAAAB connected.
2025-02-06T17:09:36.420034,Restaurant Search,"Successful search: {'budget': 1000.0, 'dish_name': 'Biryani', 'dish_type': 'non-veg'}"
2025-02-06T17:10:31.973246,Client Connect,Client tjhGLfWyq1-DOuLJAAAB connected.
2025-02-06T17:11:42.706735,Client Disconnect,Client tjhGLfWyq1-DOuLJAAAB disconnected.
2025-02-06T17:11:43.126807,Client Connect,Client poS_VoxFaXVjg7PfAAAD connected.
2025-02-06T17:12:33.522562,Client Connect,Client U6lveCKeJI_I3ruKAAAB connected.
2025-02-06T17:12:36.280235,Client Disconnect,Client U6lveCKeJI_I3ruKAAAB disconnected.
2025-02-06T17:12:36.424653,Client Connect,Client yA3A3N5o0m3XRs66AAAD connected.
2025-02-06T17:13:03.725372,Client Disconnect,Client yA3A3N5o0m3XRs66AAAD disconnected.
2025-02-06T17:13:03.858971,Client Connect,Client kX52tIDtXl4-jGj2AAAF connected.
2025-02-06T17:16:19.924491,Client Connect,Client WsrfxgI5yMWJY_3RAAAB connected.
2025-02-06T17:16:25.108744,Client Disconnect,Client WsrfxgI5yMWJY_3RAAAB disconnected.
2025-02-06T17:16:25.731236,Client Connect,Client c8_XOPNBp-xhDi4OAAAD connected.
2025-02-06T17:16:47.396260,Restaurant Search,"Successful search: {'budget': 50.0, 'dish_name': 'pasta', 'dish_type': 'veg'}"
2025-02-06T17:18:24.595033,Client Connect,Client qJUTCK0lhw67y6oCAAAB connected.
2025-02-06T17:18:37.653847,Client Disconnect,Client qJUTCK0lhw67y6oCAAAB disconnected.
2025-02-06T17:18:37.990144,Client Connect,Client QbCtSCJLZT8DtOuUAAAD connected.
2025-02-06T17:18:58.105346,Restaurant Search,"Successful search: {'budget': 50.0, 'dish_name': 'pasta', 'dish_type': 'veg'}"
2025-02-06T17:21:08.737219,Client Disconnect,Client QbCtSCJLZT8DtOuUAAAD disconnected.
2025-02-06T17:21:09.201826,Client Connect,Client JnJeFOAyqitceA6uAAAF connected.
2025-02-06T17:21:22.648507,Restaurant Search,"Successful search: {'budget': 50.0, 'dish_name': 'pasta', 'dish_type': 'veg'}"
2025-02-06T17:21:56.862430,Client Disconnect,Client JnJeFOAyqitceA6uAAAF disconnected.
2025-02-06T17:21:57.037531,Client Connect,Client P9TVkTtMaHA3gzdnAAAH connected.
2025-02-06T17:22:19.532048,Client Connect,Client oREQ4HVPzbWjXaQ1AAAB connected.
2025-02-06T17:22:42.819197,Restaurant Search,"Successful search: {'budget': 50.0, 'dish_name': 'pasta', 'dish_type': 'veg'}"
2025-02-06T17:23:16.525093,Client Connect,Client xXVHWbP4FaZ_Z0j5AAAB connected.
2025-02-06T17:23:17.952394,Client Disconnect,Client xXVHWbP4FaZ_Z0j5AAAB disconnected.
2025-02-06T17:23:18.151631,Client Connect,Client WdDgq_rcLafITe_ZAAAD connected.
2025-02-06T17:24:22.194698,Restaurant Search,"Successful search: {'budget': 1000.0, 'dish_name': 'pizza', 'dish_type': 'veg'}"
2025-02-10T12:08:28.013569,Client Connect,Client bQiuZFLf_PDAdEYHAAAB connected.
2025-02-10T12:38:06.433269,Client Disconnect,Client bQiuZFLf_PDAdEYHAAAB disconnected.
2025-02-10T13:35:13.389923,Client Connect,Client L0d-MnxXqehyOYhOAAAE connected.
2025-02-10T13:41:08.924121,Client Disconnect,Client L0d-MnxXqehyOYhOAAAE disconnected.
2025-02-10T13:43:11.347227,Client Connect,Client pY3pnp3cdGuf7HF5AAAG connected.
2025-02-10T13:54:03.723131,Client Disconnect,Client pY3pnp3cdGuf7HF5AAAG disconnected.
2025-02-10T14:32:48.163019,Client Connect,Client e7bF6n5x27aJ_IYiAAAI connected.
2025-02-10T14:37:58.940070,Client Disconnect,Client e7bF6n5x27aJ_IYiAAAI disconnected.
2025-02-10T14:51:52.573303,Client Connect,Client SflWCmP6YHLVNjclAAAK connected.
2025-02-10T15:21:05.894166,Client Disconnect,Client SflWCmP6YHLVNjclAAAK disconnected.
2025-02-10T15:47:49.480975,Client Connect,Client Fru0rQU3e9C0RMTwAAAM connected.
2025-02-10T15:48:52.657951,Client Connect,Client tFrbbAcoKKsc1ljbAAAB connected.
2025-02-10T16:07:23.324857,Client Disconnect,Client tFrbbAcoKKsc1ljbAAAB disconnected.
2025-02-10T16:20:27.253757,Client Connect,Client zsjbxQTCTtBH9zoNAAAD connected.
2025-02-10T16:28:56.873517,Client Connect,Client GBYisEsL_F8CZht_AAAB connected.
2025-02-10T16:29:37.377872,Client Disconnect,Client GBYisEsL_F8CZht_AAAB disconnected.
2025-02-10T16:29:38.193800,Client Connect,Client HzLOB9sDG31DcRKqAAAD connected.
2025-02-10T16:29:39.999913,Client Disconnect,Client HzLOB9sDG31DcRKqAAAD disconnected.
2025-02-10T16:29:40.279041,Client Connect,Client AUoNPN_Mqh3QNbUbAAAF connected.
2025-02-10T16:29:40.837500,Client Disconnect,Client AUoNPN_Mqh3QNbUbAAAF disconnected.
2025-02-10T16:29:41.030969,Client Connect,Client YpeJZHrVxmxy3alsAAAH connected.
2025-02-10T16:31:46.903213,Client Connect,Client 1Tk7tE98SckecOfLAAAB connected.
2025-02-10T16:31:53.939900,Client Disconnect,Client 1Tk7tE98SckecOfLAAAB disconnected.
2025-02-10T16:31:55.336647,Client Connect,Client yKqxAZLcm056KoZWAAAD connected.
2025-02-10T16:33:57.419627,Client Connect,Client Y4F2sIj6Ujs8hbMAAAAB connected.
2025-02-10T16:34:55.992744,Client Disconnect,Client Y4F2sIj6Ujs8hbMAAAAB disconnected.
2025-02-10T16:34:57.274677,Client Connect,Client KJEGOczs_JMNXLMxAAAD connected.
2025-02-10T16:35:30.731198,Client Connect,Client f7fm3AjY53o4mD8fAAAB connected.
2025-02-10T16:37:38.193854,Client Connect,Client fCPPud1zf3fRx2oGAAAB connected.
2025-02-10T16:38:15.204735,Client Connect,Client 9HBF-gYaSg6jkejzAAAB connected.
2025-02-10T16:40:14.432383,Client Connect,Client 7xnx_UGhxnoAdBJLAAAB connected.
2025-02-10T16:40:26.875992,Client Disconnect,Client 7xnx_UGhxnoAdBJLAAAB disconnected.
2025-02-10T16:40:28.365500,Client Connect,Client 5QdVyUvJU3xMrlTbAAAD connected.
2025-02-10T16:43:58.369967,Client Disconnect,Client 5QdVyUvJU3xMrlTbAAAD disconnected.
2025-02-10T16:43:58.451561,Client Connect,Client OnlSciWsUf1Q34T4AAAF connected.
2025-02-10T16:45:14.403514,Client Connect,Client BcSR7xJh8qElAViNAAAB connected.
2025-02-10T16:48:32.426356,Client Connect,Client TWkCTb3Xnz1YpsXqAAAB connected.
2025-02-10T17:02:40.353594,Client Connect,Client oyc5KvT_5ODd3wyMAAAB connected.
2025-02-10T17:02:49.093420,Client Disconnect,Client oyc5KvT_5ODd3wyMAAAB disconnected.
2025-02-10T17:02:49.772252,Client Connect,Client NtNd58a5482K2vRcAAAD connected.
2025-02-10T17:08:00.879277,Client Connect,Client qmjq7-bs6I6GgrEPAAAB connected.
2025-02-10T17:10:31.192073,Client Connect,Client m9FHh-noyiKTvly9AAAB connected.
2025-02-10T17:12:21.961362,Client Disconnect,Client m9FHh-noyiKTvly9AAAB disconnected.
2025-02-10T17:12:23.337092,Client Connect,Client uqB6OhPnvSlfdXW1AAAD connected.
2025-02-10T17:15:05.273094,Client Disconnect,Client uqB6OhPnvSlfdXW1AAAD disconnected.
2025-02-10T17:15:06.158286,Client Connect,Client ehAiEVjIhO4Q9AzOAAAF connected.
2025-02-11T14:54:41.191958,Client Connect,Client gR5a11xBikQUEF2-AAAB connected.
2025-02-11T14:58:29.991331,Client Disconnect,Client gR5a11xBikQUEF2-AAAB disconnected.
2025-02-11T14:58:31.829613,Client Connect,Client _HE6MgUPopAmWLfRAAAG connected.
2025-02-11T14:58:31.880659,Client Connect,Client Qm3OD-JGnMrEaxI9AAAH connected.
2025-02-11T14:58:57.141027,Client Disconnect,Client _HE6MgUPopAmWLfRAAAG disconnected.
2025-02-11T14:59:02.530773,Client Disconnect,Client Qm3OD-JGnMrEaxI9AAAH disconnected.
2025-02-11T14:59:32.799071,Client Connect,Client ynwuatJYzFI4eX0FAAAJ connected.
2025-02-11T15:03:43.551458,Client Disconnect,Client ynwuatJYzFI4eX0FAAAJ disconnected.
2025-02-11T15:03:44.141890,Client Connect,Client REqe0PbLchA9lHp7AAAL connected.
2025-02-11T15:07:33.355237,Client Disconnect,Client REqe0PbLchA9lHp7AAAL disconnected.
2025-02-11T15:07:33.632298,Client Connect,Client M6gcYGlOXeim-SLHAAAN connected.
2025-02-11T15:10:03.363770,Client Disconnect,Client M6gcYGlOXeim-SLHAAAN disconnected.
2025-02-11T15:10:04.060251,Client Connect,Client i060azAbu8JlirzJAAAP connected.
2025-02-11T15:26:59.828970,Client Disconnect,Client i060azAbu8JlirzJAAAP disconnected.
2025-02-11T15:27:00.424763,Client Connect,Client 9Wdc8UAlJVmSjtnFAAAR connected.
2025-02-11T15:27:25.098907,Client Disconnect,Client 9Wdc8UAlJVmSjtnFAAAR disconnected.
2025-02-11T15:27:25.295433,Client Connect,Client _kJzE7NYN2km_DtkAAAT connected.
2025-02-11T15:45:38.390673,Client Disconnect,Client _kJzE7NYN2km_DtkAAAT disconnected.
2025-02-11T15:53:28.898195,Client Connect,Client G9bf1fvVatLRSua6AAAV connected.
2025-02-11T16:14:41.658376,Client Disconnect,Client G9bf1fvVatLRSua6AAAV disconnected.
2025-02-11T16:42:01.340390,Client Connect,Client _3DgnjHuQhzycZ4xAAAX connected.
2025-02-11T16:43:00.267596,Client Disconnect,Client _3DgnjHuQhzycZ4xAAAX disconnected.
2025-02-11T16:43:00.487471,Client Connect,Client UqOSSwj_s-pQ36qIAAAZ connected.
2025-02-11T16:51:43.212009,Client Disconnect,Client UqOSSwj_s-pQ36qIAAAZ disconnected.
2025-02-12T09:41:01.406504,Client Connect,Client 5NxutqKT7FD0oX4aAAAB connected.
2025-02-12T09:44:58.071296,Client Disconnect,Client 5NxutqKT7FD0oX4aAAAB disconnected.
2025-02-12T09:44:58.274611,Client Connect,Client Me5aiAhRyj6QG0z_AAAD connected.
2025-02-12T09:47:43.143803,Client Disconnect,Client Me5aiAhRyj6QG0z_AAAD disconnected.
2025-02-12T09:47:44.006882,Client Connect,Client kJFxhyb1BC20Ai5PAAAF connected.
2025-02-12T10:56:57.438182,Client Connect,Client wwEwcj1Bf1-no7oKAAAB connected.
2025-02-12T11:07:36.036417,Client Connect,Client bHCuwkRCl4G-b41WAAAB connected.
